Iteração,MSE_Treino,MSE_Validação
1,0.29320044367323367,0.2638496131631149
2,0.2551089328209135,0.2519405862128709
3,0.25070918882568943,0.25100147059778044
4,0.25035987419418376,0.2509123270316921
5,0.2503128054380535,0.25088527997028404
6,0.2502889353887959,0.25086355507615044
7,0.25026736873754546,0.25084251663931834
8,0.25024617955775147,0.2508216406631122
9,0.25022510268985687,0.250800836209219
10,0.2502040845163983,0.2507800820999751
11,0.25018311154013856,0.2507593723854938
12,0.2501621796726574,0.25073870487200917
13,0.25014128719827605,0.2507180783279413
14,0.25012043301314363,0.2506974917719004
15,0.2500996161731833,0.25067694428895715
16,0.25007883577722667,0.2506564349830538
17,0.250058090936723,0.2506359629646437
18,0.25003738076786086,0.25061552734745157
19,0.2500167043894967,0.2505951272476084
20,0.24999606092258383,0.2505747617833919
21,0.24997544948999773,0.2505544300751291
22,0.24995486921645801,0.2505341312451406
23,0.24993431922847661,0.25051386441769447
24,0.24991379865431557,0.25049362871896413
25,0.24989330662394513,0.2504734232769852
26,0.24987284226900217,0.2504532472216171
27,0.24985240472275022,0.25043309968449845
28,0.24983199312003815,0.2504129797990084
29,0.24981160659725915,0.25039288670022436
30,0.24979124429231206,0.2503728195248824
31,0.24977090534455992,0.2503527774113361
32,0.24975058889479032,0.2503327594995162
33,0.24973029408517464,0.2503127649308902
34,0.24971002005923063,0.25029279284842343
35,0.24968976596177986,0.25027284239653613
36,0.24966953093891037,0.25025291272106776
37,0.2496493141379365,0.25023300296923434
38,0.2496291147073592,0.25021311228959
39,0.2496089317968286,0.2501932398319869
40,0.249588764557103,0.2501733847475363
41,0.24956861214001197,0.2501535461885709
42,0.24954847369841532,0.2501337233086027
43,0.24952834838616827,0.25011391526228766
44,0.24950823535807817,0.2500941212053847
45,0.24948813376987036,0.2500743402947174
46,0.24946804277814813,0.25005457168813616
47,0.24944796154035467,0.25003481454447996
48,0.24942788921473563,0.2500150680235373
49,0.24940782496030095,0.24999533128600882
50,0.2493877679367865,0.24997560349346912
51,0.24936771730461985,0.24995588380832917
52,0.24934767222487603,0.24993617139379837
53,0.2493276318592491,0.24991646541384646
54,0.24930759537000666,0.24989676503316863
55,0.24928756191995866,0.24987706941714313
56,0.24926753067241594,0.24985737773179975
57,0.24924750079115718,0.2498376891437784
58,0.24922747144039015,0.24981800282029504
59,0.2492074417847144,0.24979831792910248
60,0.2491874109890867,0.24977863363845562
61,0.24916737821878296,0.24975894911707322
62,0.2491473426393625,0.24973926353410292
63,0.24912730341663128,0.24971957605908326
64,0.24910725971660808,0.24969988586190833
65,0.24908721070548454,0.24968019211279097
66,0.24906715554959222,0.24966049398222742
67,0.24904709341536643,0.24964079064096167
68,0.24902702346930966,0.24962108125994717
69,0.24900694487795594,0.24960136501031416
70,0.24898685680783725,0.24958164106333247
71,0.24896675842544444,0.24956190859037525
72,0.24894664889719612,0.24954216676288601
73,0.24892652738940077,0.24952241475233977
74,0.24890639306822124,0.2495026517302112
75,0.24888624509964305,0.24948287686793721
76,0.2488660826494367,0.24946308933688285
77,0.24884590488312125,0.2494432883083068
78,0.24882571096593498,0.24942347295332543
79,0.24880550006279553,0.2494036424428776
80,0.24878527133826825,0.24938379594769308
81,0.24876502395653163,0.2493639326382544
82,0.24874475708134064,0.24934405168476456
83,0.24872446987599578,0.24932415225711146
84,0.2487041615033071,0.249304233524835
85,0.24868383112555983,0.24928429465709162
86,0.24866347790448098,0.24926433482262103
87,0.2486431010012066,0.2492443531897119
88,0.24862269957624542,0.24922434892616835
89,0.24860227278944794,0.24920432119927471
90,0.24858181979997088,0.24918426917576472
91,0.2485613397662448,0.24916419202178522
92,0.24854083184593986,0.24914408890286385
93,0.248520295195933,0.24912395898387557
94,0.2484997289722743,0.2491038014290087
95,0.2484791323301544,0.2490836154017321
96,0.2484585044238719,0.24906340006476327
97,0.24843784440679823,0.24904315458003326
98,0.24841715143134727,0.249022878108654
99,0.24839642464894024,0.2490025698108873
100,0.24837566320997637,0.24898222884610996
101,0.24835486626379571,0.24896185437278148
102,0.24833403295865,0.2489414455484124
103,0.24831316244166962,0.2489210015295312
104,0.24829225385883025,0.2489005214716511
105,0.24827130635492115,0.24888000452923897
106,0.24825031907351258,0.24885944985568256
107,0.24822929115692485,0.24883885660325777
108,0.24820822174619425,0.24881822392309708
109,0.24818710998104368,0.24879755096515707
110,0.24816595499984812,0.2487768368781881
111,0.2481447559396047,0.24875608080969935
112,0.2481235119359005,0.24873528190592936
113,0.24810222212287916,0.24871443931181467
114,0.24808088563321332,0.24869355217095657
115,0.2480595015980692,0.2486726196255895
116,0.24803806914707657,0.2486516408165516
117,0.24801658740829838,0.2486306148832514
118,0.24799505550819834,0.24860954096363738
119,0.2479734725716102,0.24858841819416555
120,0.247951837721706,0.24856724570977057
121,0.24793015007996655,0.24854602264383213
122,0.24790840876614942,0.24852474812814584
123,0.24788661289825695,0.24850342129289124
124,0.2478647615925079,0.2484820412666012
125,0.24784285396330605,0.24846060717613083
126,0.24782088912320788,0.24843911814662775
127,0.2477988661828935,0.2484175733015
128,0.24777678425113592,0.24839597176238684
129,0.2477546424347706,0.24837431264912743
130,0.24773243983866558,0.24835259507972993
131,0.24771017556568933,0.24833081817034303
132,0.24768784871668317,0.2483089810352229
133,0.24766545839042908,0.24828708278670542
134,0.24764300368362083,0.2482651225351745
135,0.24762048369083253,0.24824309938903305
136,0.24759789750449115,0.2482210124546719
137,0.24757524421484378,0.24819886083644022
138,0.24755252290993038,0.2481766436366153
139,0.24752973267555176,0.248154359955375
140,0.24750687259524196,0.24813200889076353
141,0.24748394175023725,0.24810958953866602
142,0.24746093921944634,0.2480871009927764
143,0.24743786407942342,0.24806454234456807
144,0.247414715404335,0.24804191268326575
145,0.24739149226593324,0.24801921109581376
146,0.24736819373352575,0.24799643666684937
147,0.24734481887394652,0.2479735884786701
148,0.24732136675152672,0.24795066561120782
149,0.24729783642806513,0.24792766714199677
150,0.2472742269627995,0.2479045921461454
151,0.24725053741237776,0.24788143969630777
152,0.2472267668308284,0.2478582088626541
153,0.2472029142695323,0.2478348987128396
154,0.24717897877719266,0.24781150831197984
155,0.24715495939980822,0.24778803672261768
156,0.24713085518064162,0.2477644830046964
157,0.24710666516019417,0.2477408462155303
158,0.24708238837617402,0.24771712540977542
159,0.24705802386346948,0.24769331963940272
160,0.2470335706541193,0.24766942795366614
161,0.24700902777728553,0.24764544939907607
162,0.24698439425922325,0.24762138301937103
163,0.24695966912325346,0.24759722785548743
164,0.2469348513897351,0.24757298294553162
165,0.24690994007603367,0.2475486473247519
166,0.24688493419649765,0.24752422002550972
167,0.24685983276242524,0.24749970007725008
168,0.24683463478204057,0.24747508650647526
169,0.24680933926046203,0.24745037833671352
170,0.2467839451996763,0.24742557458849368
171,0.2467584515985085,0.2474006742793151
172,0.2467328574525954,0.2473756764236185
173,0.24670716175435672,0.24735058003275942
174,0.24668136349296732,0.24732538411497945
175,0.24665546165432828,0.24730008767537734
176,0.24662945522104077,0.24727468971588093
177,0.24660334317237506,0.24724918923521852
178,0.24657712448424635,0.2472235852288922
179,0.2465507981291831,0.24719787668914703
180,0.24652436307630116,0.24717206260494592
181,0.24649781829127568,0.24714614196193918
182,0.2464711627363124,0.2471201137424354
183,0.24644439537012103,0.24709397692537727
184,0.24641751514788596,0.2470677304863095
185,0.24639052102123882,0.24704137339735227
186,0.24636341193823091,0.2470149046271728
187,0.246336186843305,0.2469883231409579
188,0.24630884467726782,0.24696162790038384
189,0.24628138437726138,0.24693481786359053
190,0.24625380487673637,0.24690789198515156
191,0.24622610510542292,0.2468808492160471
192,0.2461982839893042,0.24685368850363537
193,0.2461703404505865,0.24682640879162382
194,0.2461422734076734,0.24679900902004182
195,0.24611408177513636,0.24677148812521194
196,0.24608576446368766,0.24674384503972185
197,0.2460573203801522,0.24671607869239603
198,0.24602874842744013,0.24668818800826764
199,0.24600004750451746,0.24666017190854966
200,0.2459712165063793,0.24663202931060685
201,0.2459422543240214,0.24660375912792776
202,0.24591315984441306,0.24657536027009655
203,0.24588393195046665,0.24654683164276334
204,0.24585456952101276,0.24651817214761693
205,0.2458250714307695,0.24648938068235582
206,0.24579543655031635,0.24646045614066034
207,0.2457656637460632,0.24643139741216294
208,0.24573575188022703,0.246402203382421
209,0.2457056998107972,0.2463728729328869
210,0.245675506391513,0.2463434049408809
211,0.2456451704718325,0.24631379827956046
212,0.2456146908969041,0.24628405181789445
213,0.24558406650753994,0.24625416442063058
214,0.24555329614018528,0.2462241349482698
215,0.24552237862689102,0.246193962257036
216,0.24549131279528655,0.2461636451988475
217,0.24546009746854885,0.24613318262128786
218,0.24542873146537486,0.24610257336757665
219,0.24539721359995412,0.2460718162765419
220,0.24536554268193742,0.24604091018258786
221,0.24533371751641075,0.24600985391566935
222,0.24530173690386403,0.24597864630126082
223,0.24526959964016473,0.24594728616032696
224,0.2452373045165271,0.2459157723092928
225,0.24520485031948397,0.24588410356001691
226,0.24517223583085748,0.24585227871975907
227,0.24513945982773017,0.24582029659115107
228,0.24510652108241535,0.24578815597217032
229,0.2450734183624291,0.2457558556561056
230,0.2450401504304595,0.2457233944315304
231,0.24500671604433805,0.24569077108227208
232,0.24497311395701038,0.24565798438738323
233,0.2449393429165065,0.24562503312110934
234,0.2449054016659115,0.24559191605286132
235,0.24487128894333535,0.24555863194718355
236,0.24483700348188447,0.24552517956372574
237,0.2448025440096304,0.24549155765721112
238,0.24476790924958125,0.2454577649774068
239,0.24473309791965173,0.24542380026909205
240,0.24469810873263206,0.24538966227203224
241,0.24466294039615918,0.24535534972094264
242,0.24462759161268693,0.2453208613454622
243,0.2445920610794544,0.24528619587012085
244,0.24455634748845684,0.24525135201430928
245,0.24452044952641538,0.24521632849224928
246,0.24448436587474678,0.24518112401296083
247,0.24444809520953203,0.2451457372802328
248,0.24441163620148593,0.24511016699259214
249,0.2443749875159294,0.2450744118432724
250,0.24433814781275445,0.24503847052018077
251,0.24430111574639624,0.24500234170587198
252,0.244263889965803,0.24496602407751142
253,0.24422646911440254,0.24492951630684753
254,0.2441888518300735,0.24489281706017896
255,0.2441510367451141,0.24485592499832437
256,0.24411302248621103,0.24481883877658867
257,0.24407480767440645,0.24478155704473453
258,0.24403639092507132,0.2447440784469485
259,0.24399777084786983,0.244706401621811
260,0.24395894604673096,0.24466852520226307
261,0.24391991511981623,0.24463044781557594
262,0.24388067665948748,0.24459216808331882
263,0.2438412292522778,0.24455368462132682
264,0.24380157147885842,0.2445149960396693
265,0.24376170191400703,0.2444761009426188
266,0.24372161912657828,0.24443699792861723
267,0.2436813216794699,0.24439768559024486
268,0.243640808129593,0.24435816251418943
269,0.24360007702783884,0.2443184272812125
270,0.24355912691904932,0.24427847846611775
271,0.243517956341983,0.24423831463771922
272,0.24347656382928537,0.24419793435880832
273,0.24343494790745587,0.244157336186124
274,0.24339310709681708,0.24411651867031633
275,0.24335103991148346,0.24407548035591925
276,0.24330874485932677,0.2440342197813145
277,0.24326622044194857,0.24399273547870154
278,0.2432234651546456,0.24395102597406432
279,0.24318047748637847,0.24390908978713916
280,0.24313725591974114,0.24386692543138305
281,0.24309379893092695,0.24382453141394164
282,0.24305010498970087,0.24378190623561538
283,0.24300617255936327,0.24373904839082966
284,0.24296200009672073,0.24369595636760052
285,0.2429175860520552,0.24365262864750403
286,0.24287292886909043,0.24360906370564334
287,0.2428280269849614,0.24356526001061707
288,0.2427828788301822,0.2435212160244867
289,0.24273748282861743,0.24347693020274513
290,0.24269183739744576,0.24343240099428462
291,0.24264594094713296,0.24338762684136434
292,0.24259979188139844,0.2433426061795796
293,0.24255338859718503,0.2432973374378289
294,0.2425067294846279,0.2432518190382828
295,0.2424598129270218,0.24320604939635201
296,0.24241263730079254,0.2431600269206573
297,0.24236520097546468,0.24311375001299487
298,0.24231750231363106,0.24306721706830808
299,0.24226953967092246,0.2430204264746544
300,0.2422213113959767,0.24297337661317492
301,0.242172815830408,0.24292606585806312
302,0.24212405130877726,0.2428784925765335
303,0.2420750161585617,0.2428306551287914
304,0.24202570870012458,0.2427825518680021
305,0.2419761272466858,0.24273418114025946
306,0.24192627010429044,0.24268554128455624
307,0.24187613557178292,0.24263663063275404
308,0.2418257219407729,0.2425874475095521
309,0.24177502749561047,0.24253799023245812
310,0.2417240505133532,0.24248825711175806
311,0.24167278926373975,0.24243824645048656
312,0.2416212420091601,0.2423879565443976
313,0.24156940700462778,0.24233738568193425
314,0.24151728249775087,0.24228653214420107
315,0.2414648667287037,0.24223539420493362
316,0.24141215793020054,0.24218397013047155
317,0.24135915432746563,0.24213225817972725
318,0.2413058541382086,0.24208025660416127
319,0.24125225557259325,0.24202796364774987
320,0.24119835683321508,0.2419753775469609
321,0.24114415611507237,0.24192249653072487
322,0.24108965160553894,0.24186931882040627
323,0.24103484148434035,0.24181584262977815
324,0.24097972392352537,0.24176206616499454
325,0.24092429708744267,0.24170798762456344
326,0.24086855913271485,0.2416536051993216
327,0.24081250820821248,0.24159891707240727
328,0.24075614245503046,0.24154392141923461
329,0.2406994600064637,0.24148861640746824
330,0.24064245898798164,0.24143300019699887
331,0.24058513751720717,0.24137707093991662
332,0.24052749370388993,0.24132082678048858
333,0.24046952564988688,0.24126426585513222
334,0.2404112314491362,0.24120738629239327
335,0.24035260918763682,0.241150186212921
336,0.2402936569434265,0.2410926637294454
337,0.24023437278655957,0.2410348169467537
338,0.2401747547790865,0.24097664396166837
339,0.24011480097503152,0.2409181428630247
340,0.24005450942037423,0.2408593117316494
341,0.23999387815302833,0.2408001486403367
342,0.23993290520282137,0.24074065165383102
343,0.23987158859147723,0.2406808188288025
344,0.23980992633259696,0.24062064821383009
345,0.23974791643163848,0.2405601378493781
346,0.23968555688590157,0.2404992857677788
347,0.2396228456845086,0.24043808999321348
348,0.23955978080838713,0.2403765485416928
349,0.23949636023025528,0.24031465942103822
350,0.2394325819146043,0.24025242063086508
351,0.23936844381768224,0.24018983016256445
352,0.23930394388748094,0.24012688599928672
353,0.23923908006371972,0.24006358611592377
354,0.2391738502778324,0.2399999284790959
355,0.2391082524529517,0.23993591104713205
356,0.23904228450389833,0.2398715317700581
357,0.23897594433716807,0.23980678858957952
358,0.23890922985091775,0.23974167943907063
359,0.23884213893495657,0.23967620224355746
360,0.2387746694707331,0.23961035491970523
361,0.2387068193313251,0.23954413537580863
362,0.2386385863814303,0.2394775415117753
363,0.23856996847735695,0.23941057121911763
364,0.23850096346701444,0.2393432223809402
365,0.2384315691899058,0.2392754928719291
366,0.2383617834771196,0.23920738055834176
367,0.23829160415132355,0.23913888329799887
368,0.23822102902675776,0.23906999894027367
369,0.2381500559092289,0.23900072532608432
370,0.23807868259610512,0.2389310602878873
371,0.23800690687631162,0.2388610016496676
372,0.23793472653032657,0.23879054722693419
373,0.23786213933017822,0.23871969482671362
374,0.2377891430394417,0.23864844224754397
375,0.23771573541323757,0.23857678727947013
376,0.2376419141982303,0.2385047277040402
377,0.2375676771326273,0.23843226129430156
378,0.23749302194618066,0.2383593858147978
379,0.23741794636018526,0.23828609902156633
380,0.23734244808748192,0.238212398662137
381,0.23726652483246044,0.23813828247553098
382,0.23719017429105904,0.23806374819226028
383,0.23711339415077196,0.23798879353432795
384,0.23703618209065208,0.23791341621522993
385,0.23695853578131448,0.23783761393995578
386,0.23688045288494536,0.23776138440499098
387,0.2368019310553062,0.23768472529832127
388,0.2367229679377418,0.2376076342994351
389,0.23664356116918958,0.23753010907932928
390,0.2365637083781859,0.2374521473005123
391,0.23648340718487856,0.2373737466170137
392,0.23640265520103643,0.23729490467438805
393,0.2363214500300596,0.23721561910972228
394,0.2362397892669932,0.23713588755164725
395,0.2361576704985393,0.23705570762034314
396,0.23607509130307228,0.23697507692755088
397,0.23599204925065148,0.23689399307658357
398,0.23590854190303825,0.23681245366233683
399,0.2358245668137129,0.23673045627130201
400,0.23574012152789028,0.23664799848157797
401,0.2356552035825409,0.23656507786288739
402,0.23556981050640674,0.23648169197659014
403,0.23548393982002466,0.2363978383756986
404,0.23539758903574512,0.23631351460489589
405,0.23531075565775617,0.23622871820055225
406,0.2352234371821051,0.23614344669074452
407,0.23513563109672372,0.23605769759527323
408,0.23504733488145194,0.235971468425687
409,0.23495854600806548,0.23588475668530046
410,0.23486926194030205,0.23579755986921672
411,0.23477948013388972,0.23570987546435265
412,0.23468919803657626,0.23562170094946203
413,0.23459841308815932,0.2355330337951596
414,0.23450712272051782,0.2354438714639496
415,0.2344153243576449,0.23535421141025203
416,0.23432301541568062,0.23526405108042986
417,0.2342301933029471,0.2351733879128207
418,0.2341368554199858,0.23508221933776588
419,0.23404299915959223,0.23499054277764192
420,0.2339486219068559,0.23489835564689548
421,0.2338537210391995,0.2348056553520735
422,0.23375829392641886,0.23471243929186208
423,0.23366233793072705,0.23461870485711991
424,0.2335658504067938,0.23452444943091724
425,0.23346882870179425,0.23442967038857376
426,0.2333712701554517,0.23433436509769914
427,0.23327317210008622,0.23423853091823305
428,0.2331745318606623,0.23414216520248896
429,0.2330753467548387,0.23404526529519595
430,0.23297561409302103,0.2339478285335453
431,0.23287533117841255,0.23384985224723578
432,0.23277449530706834,0.23375133375852153
433,0.2326731037679515,0.23365227038226108
434,0.23257115384299007,0.2335526594259671
435,0.2324686428071345,0.23345249818985878
436,0.23236556792841803,0.23335178396691525
437,0.23226192646801852,0.2332505140429287
438,0.23215771568031943,0.23314868569656183
439,0.23205293281297756,0.2330462961994047
440,0.23194757510698538,0.2329433428160342
441,0.23184163979674205,0.23283982280407364
442,0.2317351241101198,0.23273573341425605
443,0.23162802526853746,0.23263107189048707
444,0.23152034048703082,0.23252583546990996
445,0.23141206697432773,0.2324200213829736
446,0.2313032019329256,0.2323136268534994
447,0.23119374255916697,0.23220664909875258
448,0.23108368604331966,0.23209908532951434
449,0.23097302956965854,0.2319909327501531
450,0.23086177031654923,0.2318821885587027
451,0.23074990545653168,0.23177284994693773
452,0.23063743215640747,0.2316629141004518
453,0.23052434757732854,0.23155237819874014
454,0.23041064887488855,0.23144123941528005
455,0.23029633319921497,0.23132949491761506
456,0.2301813976950623,0.2312171418674434
457,0.23006583950191115,0.23110417742070316
458,0.22994965575406376,0.2309905987276633
459,0.2298328435807481,0.23087640293301562
460,0.22971540010621597,0.23076158717596865
461,0.22959732244985234,0.23064614859034321
462,0.22947860772627787,0.2305300843046693
463,0.22935925304546104,0.23041339144228723
464,0.22923925551282834,0.2302960671214495
465,0.2291186122293753,0.23017810845542308
466,0.22899732029178552,0.23005951255259668
467,0.22887537679254477,0.22994027651658952
468,0.2287527788200636,0.22982039744635968
469,0.22862952345879795,0.22969987243631856
470,0.22850560778937443,0.2295786985764438
471,0.228381028888716,0.2294568729523978
472,0.22825578383017173,0.22933439264564526
473,0.22812986968364926,0.22921125473357584
474,0.22800328351574561,0.22908745628962618
475,0.22787602238988747,0.22896299438340867
476,0.2277480833664666,0.2288378660808356
477,0.22761946350298237,0.22871206844425435
478,0.227490159854185,0.22858559853257696
479,0.22736016947222198,0.22845845340141668
480,0.22722948940678614,0.2283306301032264
481,0.2270981167052673,0.22820212568743786
482,0.22696604841290566,0.22807293720060443
483,0.22683328157294902,0.2279430616865476
484,0.22669981322680932,0.22781249618650296
485,0.22656564041422717,0.22768123773927132
486,0.2264307601734336,0.22754928338137054
487,0.22629516954131831,0.22741663014719263
488,0.22615886555359832,0.22728327506915993
489,0.22602184524499094,0.2271492151778864
490,0.22588410564938802,0.2270144475023393
491,0.22574564380003342,0.22687896907000682
492,0.22560645672970467,0.22674277690706585
493,0.22546654147089468,0.22660586803855223
494,0.2253258950559985,0.22646823948853495
495,0.2251845145175025,0.22632988828029288
496,0.2250423968881744,0.22619081143649292
497,0.22489953920125924,0.2260510059793734
498,0.22475593849067574,0.22591046893092667
499,0.224611591791218,0.225769197313089
500,0.22446649613875577,0.22562718814792815
501,0.22432064857044293,0.2254844384578376
502,0.22417404612492545,0.22534094526573326
503,0.22402668584255286,0.22519670559524946
504,0.2238785647655923,0.22505171647094335
505,0.2237296799384489,0.22490597491849687
506,0.22358002840788285,0.224759477964925
507,0.2234296072232355,0.22461222263878566
508,0.2232784134366548,0.22446420597039224
509,0.22312644410332536,0.22431542499202997
510,0.22297369628169997,0.22416587673817365
511,0.22282016703373717,0.22401555824571054
512,0.2226658534251378,0.2238644665541639
513,0.22251075252558788,0.22371259870592156
514,0.22235486140900196,0.22355995174646423
515,0.2221981771537724,0.22340652272460143
516,0.2220406968430196,0.2232523086927063
517,0.22188241756484467,0.22309730670695602
518,0.2217233364125874,0.22294151382757144
519,0.22156345048508644,0.22278492711906658
520,0.2214027568869415,0.22262754365049336
521,0.22124125272877923,0.22246936049569443
522,0.2210789351275227,0.22231037473355736
523,0.22091580120666465,0.22215058344827124
524,0.22075184809654144,0.2219899837295874
525,0.22058707293461088,0.22182857267308287
526,0.2204214728657356,0.2216663473804268
527,0.22025504504246646,0.22150330495964865
528,0.22008778662533,0.22133944252541174
529,0.21991969478311996,0.22117475719928828
530,0.21975076669318952,0.22100924611003753
531,0.21958099954175034,0.2208429063938872
532,0.21941039052417077,0.2206757351948177
533,0.21923893684527984,0.2205077296648505
534,0.21906663571967275,0.22033888696433732
535,0.21889348437201983,0.22016920426225445
536,0.2187194800373798,0.2199986787364981
537,0.21854461996151453,0.21982730757418642
538,0.2183689014012064,0.21965508797195846
539,0.21819232162458088,0.2194820171362825
540,0.21801487791143165,0.2193080922837633
541,0.2178365675535448,0.21913331064145392
542,0.21765738785503272,0.21895766944716982
543,0.21747733613266665,0.21878116594980707
544,0.21729640971621125,0.21860379740966188
545,0.21711460594876614,0.21842556109875422
546,0.21693192218710824,0.21824645430115477
547,0.21674835580203552,0.21806647431331427
548,0.21656390417871707,0.2178856184443942
549,0.21637856471704353,0.21770388401660418
550,0.21619233483198105,0.21752126836553787
551,0.21600521195392958,0.21733776884051634
552,0.21581719352908024,0.21715338280492955
553,0.21562827701978252,0.21696810763658508
554,0.21543845990490548,0.21678194072805676
555,0.2152477396802089,0.21659487948703768
556,0.21505611385871495,0.21640692133669473
557,0.2148635799710807,0.2162180637160278
558,0.21467013556597608,0.21602830408023083
559,0.21447577821046396,0.2158376399010545
560,0.21428050549038255,0.21564606866717395
561,0.21408431501073005,0.2154535878845571
562,0.21388720439605285,0.21526019507683863
563,0.2136891712908374,0.21506588778569183
564,0.21349021335990107,0.21487066357120935
565,0.21329032828879008,0.214674520012281
566,0.21308951378417745,0.21447745470697796
567,0.2128877675742639,0.21427946527293776
568,0.2126850874091825,0.21408054934775275
569,0.2124814710614022,0.21388070458936026
570,0.2122769163261397,0.21367992867643681
571,0.2120714210217695,0.21347821930879313
572,0.2118649829902357,0.21327557420777304
573,0.21165760009747114,0.21307199111665476
574,0.21144927023381294,0.21286746780105253
575,0.21123999131442422,0.2126620020493249
576,0.2110297612797182,0.2124555916729806
577,0.21081857809578144,0.21224823450709054
578,0.2106064397548027,0.21203992841070055
579,0.21039334427550185,0.21183067126724592
580,0.21017928970356223,0.21162046098496962
581,0.20996427411206334,0.21140929549734233
582,0.20974829560191996,0.2111971727634827
583,0.20953135230231576,0.21098409076858476
584,0.20931344237114627,0.21077004752433948
585,0.20909456399546092,0.21055504106936884
586,0.20887471539190475,0.21033906946965142
587,0.20865389480716617,0.21012213081895728
588,0.20843210051842326,0.20990422323928265
589,0.20820933083379367,0.2096853448812857
590,0.2079855840927857,0.20946549392472358
591,0.20776085866674948,0.20924466857889518
592,0.20753515295933334,0.20902286708308174
593,0.20730846540693773,0.20880008770699016
594,0.20708079447917407,0.20857632875119886
595,0.2068521386793214,0.20835158854760652
596,0.2066224965447888,0.20812586545987682
597,0.20639186664757492,0.20789915788389363
598,0.20616024759473142,0.20767146424820884
599,0.20592763802882738,0.2074427830144978
600,0.20569403662841346,0.20721311267801323
601,0.2054594421084876,0.20698245176804192
602,0.20522385322096365,0.20675079884836056
603,0.20498726875513834,0.20651815251769584
604,0.20474968753816022,0.2062845114101836
605,0.20451110843549988,0.20604987419582974
606,0.20427153035142023,0.2058142395809707
607,0.20403095222944734,0.20557760630873867
608,0.20378937305284242,0.20533997315952424
609,0.2035467918450748,0.20510133895144006
610,0.20330320767029328,0.2048617025407879
611,0.2030586196338004,0.2046210628225235
612,0.20281302688252484,0.20437941873072357
613,0.20256642860549576,0.2041367692390538
614,0.20231882403431714,0.20389311336123522
615,0.2020702124436388,0.20364845015151403
616,0.20182059315163386,0.2034027787051293
617,0.2015699655204691,0.20315609815878183
618,0.20131832895678062,0.20290840769110324
619,0.20106568291214558,0.20265970652312398
620,0.2008120268835553,0.20240999391874528
621,0.20055736041388744,0.20215926918520463
622,0.20030168309237775,0.2019075316735479
623,0.2000449945550898,0.2016547807790956
624,0.19978729448538796,0.20140101594191293
625,0.19952858261440357,0.20114623664727538
626,0.1992688587215046,0.2008904424261398
627,0.19900812263476383,0.2006336328556077
628,0.1987463742314229,0.2003758075593928
629,0.19848361343835802,0.2001169662082872
630,0.1982198402325447,0.19985710852062408
631,0.19795505464151725,0.19959623426274237
632,0.19768925674383028,0.1993343432494485
633,0.1974224466695179,0.19907143534447855
634,0.19715462460054928,0.19880751046095652
635,0.1968857907712839,0.19854256856185412
636,0.19661594546892444,0.19827660966044752
637,0.19634508903396816,0.19800963382077202
638,0.19607322186065287,0.19774164115807685
639,0.19580034439740615,0.1974726318392751
640,0.19552645714728503,0.19720260608339685
641,0.19525156066842025,0.19693156416203325
642,0.19497565557445146,0.19665950639978455
643,0.19469874253496386,0.1963864331747029
644,0.19442082227591975,0.19611234491873292
645,0.19414189558008782,0.19583724211815073
646,0.19386196328746821,0.19556112531399916
647,0.1935810262957143,0.1952839951025213
648,0.1932990855605538,0.1950058521355903
649,0.19301614209620022,0.1947266971211365
650,0.19273219697576718,0.1944465308235714
651,0.19244725133167384,0.19416535406420912
652,0.192161306356049,0.19388316772168263
653,0.19187436330113053,0.19359997273235835
654,0.19158642347965804,0.1933157700907458
655,0.19129748826526619,0.19303056084990478
656,0.19100755909286735,0.1927443461218466
657,0.19071663745903453,0.19245712707793441
658,0.1904247249223759,0.19216890494927535
659,0.19013182310390755,0.19187968102711267
660,0.18983793368741705,0.19158945666320912
661,0.18954305841982527,0.1912982332702293
662,0.18924719911154012,0.19100601232211595
663,0.18895035763680848,0.1907127953544605
664,0.18865253593405742,0.19041858396487016
665,0.1883537360062314,0.19012337981332836
666,0.18805395992112736,0.18982718462255183
667,0.18775320981171628,0.18953000017834032
668,0.18745148787646437,0.1892318283299218
669,0.18714879637964624,0.18893267099029226
670,0.18684513765164942,0.18863253013654796
671,0.18654051408927444,0.18833140781021473
672,0.18623492815602755,0.18802930611756719
673,0.18592838238240555,0.1877262272299457
674,0.1856208793661734,0.18742217338406372
675,0.18531242177263554,0.1871171468823112
676,0.1850030123348999,0.18681115009304863
677,0.18469265385413047,0.18650418545089648
678,0.18438134919979937,0.1861962554570167
679,0.1840691013099235,0.18588736267938646
680,0.18375591319129608,0.18557750975306656
681,0.18344178791971225,0.18526669938046006
682,0.18312672864018306,0.1849549343315654
683,0.18281073856714197,0.1846422174442196
684,0.18249382098464176,0.1843285516243361
685,0.18217597924654516,0.18401393984613243
686,0.18185721677670458,0.183698385152352
687,0.18153753706913198,0.18338189065447502
688,0.1812169436881619,0.1830644595329221
689,0.18089544026860288,0.18274609503725095
690,0.18057303051588114,0.18242680048634125
691,0.18024971820617305,0.18210657926857363
692,0.1799255071865282,0.18178543484199777
693,0.1796004013749842,0.181463370734491
694,0.17927440476066883,0.18114039054391065
695,0.17894752140389245,0.18081649793823307
696,0.17861975543623376,0.18049169665568596
697,0.1782911110606084,0.18016599050486998
698,0.1779615925513334,0.17983938336486993
699,0.17763120425417744,0.17951187918535835
700,0.1772999505864007,0.1791834819866854
701,0.17696783603678481,0.1788541958599621
702,0.17663486516564986,0.1785240249671314
703,0.17630104260486223,0.17819297354102864
704,0.1759663730578304,0.17786104588543267
705,0.17563086129948863,0.1775282463751048
706,0.17529451217626946,0.17719457945581893
707,0.17495733060606533,0.1768600496443786
708,0.17461932157817667,0.17652466152862453
709,0.17428049015325095,0.17618841976742947
710,0.17394084146320712,0.17585132909068443
711,0.17360038071114783,0.17551339429927065
712,0.17325911317126272,0.17517462026502092
713,0.17291704418871603,0.17483501193067236
714,0.1725741791795231,0.17449457430980125
715,0.1722305236304145,0.1741533124867519
716,0.1718860830986884,0.17381123161655193
717,0.17154086321204814,0.17346833692481325
718,0.17119486966843017,0.17312463370762426
719,0.17084810823581534,0.17278012733142756
720,0.17050058475203192,0.17243482323288778
721,0.1701523051245416,0.17208872691874313
722,0.16980327533021491,0.17174184396564957
723,0.1694535014150941,0.17139418002000875
724,0.1691029894941386,0.17104574079778448
725,0.16875174575096472,0.17069653208430702
726,0.16839977643756443,0.17034655973406446
727,0.16804708787401643,0.16999582967048135
728,0.16769368644818156,0.16964434788568333
729,0.16733957861538434,0.1692921204402517
730,0.16698477089808358,0.16893915346296215
731,0.16662926988552715,0.16858545315051127
732,0.16627308223339432,0.16823102576723262
733,0.16591621466342463,0.16787587764479447
734,0.16555867396303364,0.16752001518189064
735,0.16520046698491445,0.1671634448439127
736,0.1648416006466266,0.16680617316261295
737,0.16448208193017042,0.16644820673575206
738,0.1641219178815491,0.1660895522267344
739,0.16376111561031614,0.16573021636422874
740,0.16339968228911028,0.16537020594177934
741,0.163037625153176,0.16500952781739822
742,0.16267495149987213,0.16464818891314986
743,0.16231166868816516,0.16428619621471835
744,0.16194778413810948,0.16392355677096354
745,0.16158330533031673,0.1635602776934636
746,0.16121823980540778,0.1631963661560435
747,0.16085259516345493,0.16283182939429158
748,0.16048637906340807,0.162466674705062
749,0.16011959922251134,0.16210090944596373
750,0.1597522634157021,0.1617345410348379
751,0.15938437947499975,0.1613675769492204
752,0.1590159552888807,0.16100002472579275
753,0.1586469988016425,0.160631891959818
754,0.15827751801274972,0.16026318630456687
755,0.15790752097617342,0.159893915470728
756,0.15753701579971352,0.15952408722580652
757,0.15716601064431082,0.15915370939351026
758,0.15679451372334544,0.15878278985312208
759,0.15642253330192263,0.1584113365388617
760,0.1560500776961477,0.15803935743923134
761,0.15567715527238735,0.15766686059635315
762,0.1553037744465203,0.15729385410529145
763,0.15492994368317306,0.15692034611336309
764,0.15455567149494812,0.1565463448194368
765,0.15418096644163784,0.15617185847321904
766,0.15380583712942514,0.1557968953745283
767,0.1534302922100776,0.15542146387255834
768,0.15305434038012564,0.15504557236512886
769,0.15267799038003232,0.15466922929792443
770,0.15230125099335023,0.15429244316372265
771,0.1519241310458698,0.15391522250161
772,0.15154663940475552,0.1535375758961885
773,0.1511687849776706,0.15315951197676697
774,0.15079057671189403,0.15278103941654797
775,0.150412023593426,0.15240216693179667
776,0.1500331346460825,0.1520229032810051
777,0.14965391893058216,0.151643257264042
778,0.14927438554362196,0.15126323772129419
779,0.1488945436169438,0.15088285353279846
780,0.14851440231639296,0.15050211361736043
781,0.14813397084096652,0.15012102693166857
782,0.14775325842185347,0.14973960246939286
783,0.147372274321465,0.14935784926027873
784,0.14699102783245935,0.14897577636923
785,0.1466095282767554,0.14859339289538195
786,0.14622778500454042,0.1482107079711672
787,0.14584580739326974,0.14782773076137184
788,0.1454636048466571,0.14744447046218428
789,0.1450811867936622,0.14706093630023387
790,0.14469856268746578,0.14667713753162487
791,0.14431574200444303,0.14629308344095848
792,0.14393273424312644,0.14590878334035087
793,0.14354954892316524,0.14552424656844326
794,0.143166195584278,0.145139482489402
795,0.14278268378519876,0.14475450049191652
796,0.14239902310261957,0.1443693099881866
797,0.14201522313012438,0.1439839204129055
798,0.14163129347712275,0.14359834122223705
799,0.14124724376777512,0.14321258189278455
800,0.1408630836399152,0.1428266519205576
801,0.14047882274396767,0.14244056081993062
802,0.1400944707418634,0.14205431812259767
803,0.13971003730594841,0.1416679333765218
804,0.13932553211789336,0.14128141614488032
805,0.13894096486759525,0.14089477600500602
806,0.13855634525208177,0.14050802254732253
807,0.13817168297440827,0.14012116537427838
808,0.13778698774255563,0.1397342140992758
809,0.13740226926832474,0.13934717834559737
810,0.13701753726623123,0.13896006774532804
811,0.13663280145239584,0.13857289193827593
812,0.13624807154343724,0.13818566057089143
813,0.1358633572553608,0.13779838329518104
814,0.13547866830245006,0.13741106976762268
815,0.135094014396155,0.1370237296480777
816,0.13470940524398317,0.13663637259870137
817,0.13432485054838966,0.13624900828285336
818,0.13394036000566753,0.1358616463640069
819,0.1335559433048408,0.13547429650465753
820,0.13317161012655734,0.13508696836523096
821,0.13278737014198352,0.13469967160299282
822,0.13240323301170198,0.13431241587095696
823,0.13201920838460904,0.13392521081679498
824,0.13163530589681807,0.13353806608174787
825,0.13125153517056226,0.13315099129953661
826,0.1308679058131022,0.1327639960952763
827,0.13048442741563684,0.13237709008439122
828,0.13010110955221668,0.13199028287153183
829,0.1297179617786636,0.13160358404949496
830,0.12933499363149054,0.1312170031981455
831,0.12895221462683068,0.13083054988334164
832,0.12856963425936643,0.13044423365586383
833,0.12818726200126832,0.13005806405034637
834,0.12780510730113465,0.12967205058421222
835,0.12742317958293942,0.1292862027566144
836,0.12704148824498593,0.1289005300473785
837,0.1266600426588645,0.12851504191595137
838,0.12627885216841922,0.12812974780035563
839,0.12589792608871994,0.12774465711614696
840,0.12551727370504048,0.1273597792553785
841,0.12513690427184554,0.12697512358557078
842,0.12475682701178346,0.12659069944868612
843,0.12437705111468814,0.12620651616011158
844,0.12399758573658734,0.12582258300764554
845,0.12361843999872016,0.12543890925049397
846,0.12323962298656325,0.12505550411827052
847,0.12286114374886296,0.12467237681000665
848,0.12248301129668066,0.1242895364931664
849,0.12210523460244324,0.12390699230267217
850,0.12172782259900515,0.12352475333993436
851,0.12135078417871886,0.12314282867189301
852,0.12097412819251581,0.12276122733006459
853,0.12059786344899634,0.1223799583095995
854,0.1202219987135311,0.1219990305683484
855,0.11984654270737187,0.12161845302593577
856,0.1194715041067734,0.12123823456284358
857,0.1190968915421246,0.12085838401950597
858,0.11872271359709399,0.12047891019541102
859,0.11834897880778215,0.12009982184821424
860,0.117975695661889,0.11972112769286151
861,0.11760287259789001,0.11934283640072166
862,0.11723051800422576,0.11896495659873066
863,0.11685864021850273,0.11858749686854633
864,0.11648724752670629,0.11821046574571159
865,0.11611634816242496,0.11783387171883353
866,0.11574595030608835,0.11745772322876728
867,0.1153760620842168,0.11708202866781732
868,0.1150066915686832,0.11670679637894607
869,0.11463784677598905,0.11633203465499606
870,0.11426953566655153,0.11595775173792384
871,0.11390176614400484,0.11558395581804441
872,0.11353454605451424,0.11521065503328995
873,0.11316788318610341,0.11483785746847944
874,0.11280178526799438,0.1144655711545997
875,0.11243625996996334,0.11409380406810224
876,0.11207131490170633,0.11372256413020816
877,0.11170695761222176,0.11335185920623078
878,0.11134319558920511,0.11298169710490577
879,0.11098003625845738,0.11261208557773934
880,0.11061748698330867,0.11224303231836608
881,0.11025555506405407,0.11187454496192137
882,0.109894247737405,0.1115066310844264
883,0.10953357217595325,0.11113929820218704
884,0.10917353548765128,0.11077255377120651
885,0.10881414471530385,0.1104064051866099
886,0.10845540683607677,0.11004085978208364
887,0.10809732876101764,0.10967592482932964
888,0.10773991733459258,0.10931160753752941
889,0.10738317933423648,0.10894791505282637
890,0.10702712146991783,0.10858485445781844
891,0.10667175038371716,0.10822243277106691
892,0.10631707264942164,0.10786065694661755
893,0.10596309477213296,0.1074995338735367
894,0.10560982318788918,0.10713907037546011
895,0.1052572642633018,0.10677927321015748
896,0.10490542429520709,0.10642014906910917
897,0.10455430951033233,0.10606170457709838
898,0.1042039260649746,0.10570394629181631
899,0.10385428004469636,0.1053468807034819
900,0.10350537746403346,0.10499051423447478
901,0.10315722426621857,0.10463485323898422
902,0.10280982632291832,0.10427990400266895
903,0.10246318943398516,0.10392567274233389
904,0.1021173193272226,0.10357216560561969
905,0.1017722216581651,0.10321938867070495
906,0.10142790200987264,0.10286734794602485
907,0.10108436589273775,0.1025160493700018
908,0.10074161874430823,0.10216549881079025
909,0.10039966592912228,0.10181570206603559
910,0.10005851273855862,0.10146666486264691
911,0.0997181643906991,0.10111839285658311
912,0.09937862603020681,0.1007708916326524
913,0.09903990272821535,0.10042416670432637
914,0.09870199948223383,0.10007822351356588
915,0.09836492121606377,0.09973306743066242
916,0.09802867277973003,0.09938870375409069
917,0.09769325894942478,0.09904513771037703
918,0.09735868442746402,0.0987023744539782
919,0.09702495384225851,0.09836041906717517
920,0.09669207174829561,0.09801927655997973
921,0.09636004262613537,0.09767895187005318
922,0.09602887088241945,0.09733944986263846
923,0.09569856084989009,0.09700077533050609
924,0.09536911678742559,0.09666293299390963
925,0.09504054288008389,0.09632592750055709
926,0.0947128432391615,0.09598976342559357
927,0.09438602190226258,0.09565444527159485
928,0.0940600828333798,0.09531997746857503
929,0.09373502992298934,0.0949863643740055
930,0.09341086698815387,0.09465361027284587
931,0.09308759777264024,0.09432171937758714
932,0.09276522594704684,0.09399069582830519
933,0.09244375510894179,0.09366054369272828
934,0.09212318878301376,0.09333126696631361
935,0.09180353042123189,0.09300286957233686
936,0.0914847834030181,0.09267535536199155
937,0.09116695103542831,0.09234872811450115
938,0.09085003655334578,0.09202299153724022
939,0.09053404311968283,0.09169814926586783
940,0.09021897382559471,0.09137420486447084
941,0.0899048316907019,0.09105116182571778
942,0.0895916196633224,0.09072902357102303
943,0.08927934062071456,0.09040779345072165
944,0.08896799736932828,0.0900874747442532
945,0.08865759264506569,0.08976807066035689
946,0.08834812911355229,0.08944958433727489
947,0.08803960937041476,0.08913201884296693
948,0.08773203594156936,0.08881537717533246
949,0.08742541128351816,0.08849966226244352
950,0.08711973778365413,0.08818487696278601
951,0.08681501776057389,0.08787102406551009
952,0.0865112534644001,0.08755810629069007
953,0.08620844707710877,0.08724612628959082
954,0.08590660071286835,0.08693508664494522
955,0.08560571641838234,0.08662498987123855
956,0.08530579617324303,0.08631583841500087
957,0.08500684189029005,0.08600763465510794
958,0.08470885541597628,0.08570038090308976
959,0.08441183853074155,0.08539407940344665
960,0.08411579294939354,0.08508873233397311
961,0.08382072032149224,0.08478434180608868
962,0.08352662223174546,0.084480909865176
963,0.08323350020040649,0.08417843849092628
964,0.08294135568367934,0.0838769295976907
965,0.08265019007413087,0.0835763850348398
966,0.0823600047011073,0.08327680658712805
967,0.08207080083115617,0.08297819597506562
968,0.08178257966845487,0.08268055485529592
969,0.08149534235524368,0.08238388482097954
970,0.0812090899722635,0.08208818740218349
971,0.0809238235391995,0.08179346406627662
972,0.0806395440151279,0.08149971621833027
973,0.08035625229896967,0.08120694520152463
974,0.08007394922994579,0.08091515229755977
975,0.0797926355880396,0.08062433872707242
976,0.07951231209446087,0.08033450565005698
977,0.07923297941211513,0.08004565416629136
978,0.07895463814607633,0.07975778531576815
979,0.07867728884406334,0.07947090007912935
980,0.07840093199691957,0.07918499937810543
981,0.07812556803909593,0.07890008407595935
982,0.07785119734913784,0.0786161549779333
983,0.07757782025017355,0.07833321283170014
984,0.07730543701040649,0.0780512583278187
985,0.0770340478436104,0.07777029210019146
986,0.07676365290962592,0.07749031472652623
987,0.0764942523148613,0.07721132672880185
988,0.0762258461127936,0.07693332857373555
989,0.07595843430447315,0.07665632067325442
990,0.07569201683902956,0.07638030338496862
991,0.0754265936141798,0.07610527701264752
992,0.07516216447673753,0.07583124180669981
993,0.07489872922312452,0.07555819796465361
994,0.07463628759988332,0.07528614563164053
995,0.07437483930419125,0.07501508490088071
996,0.0741143839843753,0.0747450158141712
997,0.07385492124042876,0.07447593836237446
998,0.07359645062452749,0.07420785248590973
999,0.07333897164154843,0.07394075807524629
1000,0.0730824837495886,0.07367465497139676
1001,0.07282698636048306,0.07340954296641292
1002,0.07257247884032529,0.0731454218038822
1003,0.07231896050998683,0.0728822911794255
1004,0.07206643064563749,0.07262015074119535
1005,0.07181488847926516,0.07235900009037656
1006,0.07156433319919638,0.07209883878168491
1007,0.07131476395061591,0.07183966632386907
1008,0.0710661798360872,0.07158148218021204
1009,0.0708185799160708,0.07132428576903138
1010,0.07057196320944466,0.07106807646418338
1011,0.07032632869402086,0.07081285359556291
1012,0.07008167530706506,0.0705586164496074
1013,0.06983800194581255,0.07030536426979798
1014,0.06959530746798501,0.07005309625716197
1015,0.06935359069230523,0.06980181157077449
1016,0.06911285039901176,0.06955150932825957
1017,0.06887308533037198,0.06930218860629186
1018,0.06863429419119357,0.06905384844109587
1019,0.06839647564933596,0.06880648782894741
1020,0.06815962833621908,0.06856010572667101
1021,0.06792375084733071,0.0683147010521393
1022,0.067688841742734,0.06807027268476967
1023,0.0674548995475708,0.06782681946602158
1024,0.06722192275256522,0.06758434019989087
1025,0.06698990981452516,0.06734283365340435
1026,0.06675885915684056,0.06710229855711268
1027,0.06652876916998209,0.0668627336055821
1028,0.06629963821199555,0.06662413745788473
1029,0.06607146460899614,0.06638650873808707
1030,0.0658442466556592,0.06614984603573748
1031,0.06561798261570917,0.06591414790635144
1032,0.06539267072240693,0.06567941287189602
1033,0.0651683091790344,0.06544563942127181
1034,0.0649448961593759,0.06521282601079284
1035,0.06472242980819903,0.06498097106466673
1036,0.06450090824173126,0.06475007297546877
1037,0.06428032954813506,0.0645201301046186
1038,0.06406069178797956,0.0642911407828515
1039,0.06384199299471117,0.0640631033106898
1040,0.06362423117511941,0.06383601595891013
1041,0.06340740430980177,0.0636098769690098
1042,0.0631915103536246,0.06338468455367051
1043,0.06297654723618235,0.06316043689721987
1044,0.06276251286225262,0.0629371321560898
1045,0.06254940511224961,0.06271476845927379
1046,0.062337221842673526,0.06249334390878029
1047,0.062125960886558036,0.062272856580085065
1048,0.061915620053913524,0.06205330452257905
1049,0.06170619713216859,0.06183468576001551
1050,0.061497689886607844,0.06161699829095355
1051,0.06129009606080584,0.061400240089199185
1052,0.06108341337705962,0.06118440910424296
1053,0.06087763953681659,0.060969503261696104
1054,0.06067277222109971,0.060755520463723164
1055,0.06046880909092941,0.060542458589471417
1056,0.06026574778774281,0.060330315495498256
1057,0.06006358593380848,0.06011908901619496
1058,0.05986232113263934,0.05990877696420817
1059,0.05966195096940052,0.05969937713085717
1060,0.059462473011315846,0.05949088728655039
1061,0.059263884808069725,0.059283305181196344
1062,0.05906618389220524,0.059076628544613284
1063,0.058869367779520586,0.05887085508693526
1064,0.05867343396946046,0.05866598249901476
1065,0.05847837994550451,0.05846200845282316
1066,0.058284203175553086,0.05825893060184635
1067,0.058090901112308496,0.05805674658147958
1068,0.05789847119365307,0.057855454009416905
1069,0.057706910843024435,0.05765505048603865
1070,0.05751621746978646,0.05745553359479557
1071,0.05732638846959748,0.05725690090258939
1072,0.05713742122477407,0.05705914996015057
1073,0.05694931310465236,0.05686227830241234
1074,0.05676206146594529,0.05666628344888243
1075,0.056575663653096527,0.056471162904009664
1076,0.05639011699863046,0.05627691415754963
1077,0.056205418823499366,0.056083534684925454
1078,0.0560215664374268,0.055891021947585606
1079,0.05583855713924732,0.055699373393358786
1080,0.05565638821724257,0.05550858645680527
1081,0.05547505694947448,0.05531865855956467
1082,0.05529456060411457,0.055129587110700894
1083,0.0551148964397692,0.054941369507043855
1084,0.054936061705802876,0.054754003133526775
1085,0.05475805364265598,0.05456748536352144
1086,0.05458086948216056,0.05438181355916984
1087,0.05440450644785254,0.05419698507171187
1088,0.05422896175527947,0.05401299724181029
1089,0.05405423261230581,0.05382984739987229
1090,0.05388031621941434,0.05364753286636759
1091,0.05370720977000397,0.053466050952143226
1092,0.053534910450684245,0.053285398958735256
1093,0.053363415441566635,0.05310557417867654
1094,0.053192721916552096,0.052926573895802395
1095,0.05302282704361543,0.05274839538555178
1096,0.05285372798508582,0.05257103591526515
1097,0.052685421897924654,0.05239449274448042
1098,0.05251790593399948,0.05221876312522446
1099,0.05235117724035483,0.05204384430230104
1100,0.052185232959479085,0.05186973351357671
1101,0.052020070229569046,0.05169642799026246
1102,0.05185568618479056,0.051523924957192505
1103,0.051692077955535466,0.05135222163309976
1104,0.05152924266867594,0.05118131523088819
1105,0.051367177447815646,0.05101120295790177
1106,0.051205879413536576,0.05084188201619035
1107,0.05104534568364382,0.05067334960277246
1108,0.05088557337340663,0.05050560290989462
1109,0.05072655959579554,0.05033863912528769
1110,0.05056830146171814,0.050172455432419896
1111,0.050410796080249384,0.05000704901074714
1112,0.050254040558860916,0.049842417035959964
1113,0.05009803200364536,0.04967855668022679
1114,0.049942767519538515,0.04951546511243497
1115,0.04978824421053897,0.04935313949842872
1116,0.049634459179922825,0.049191577001242784
1117,0.049481409530457064,0.04903077478133456
1118,0.049329092364609174,0.04887072999681264
1119,0.04917750478475385,0.04871143980366172
1120,0.04902664389337637,0.04855290135596533
1121,0.04887650679327341,0.04839511180612544
1122,0.04872709058775103,0.04823806830507836
1123,0.04857839238081885,0.04808176800250898
1124,0.0484304092773823,0.04792620804706067
1125,0.04828313838343119,0.04777138558654307
1126,0.04813657680622586,0.04761729776813737
1127,0.04799072165448058,0.04746394173859778
1128,0.04784557003854344,0.04731131464445039
1129,0.047701119070574075,0.047159413632189624
1130,0.047557365864718155,0.04700823584847124
1131,0.04741430753727939,0.04685777844030342
1132,0.047271941206888976,0.04670803855523435
1133,0.04713026399467143,0.04655901334153638
1134,0.04698927302440854,0.0464106999483895
1135,0.04684896542270043,0.046263095526060075
1136,0.046709338319124,0.046116197226077855
1137,0.04657038884638832,0.04597000220141016
1138,0.04643211414048777,0.04582450760663288
1139,0.046294511340852634,0.04567971059809976
1140,0.04615757759049695,0.04553560833410864
1141,0.046021310036163686,0.04539219797506421
1142,0.045885705828467745,0.04524947668363996
1143,0.04575076212203615,0.045107441624935726
1144,0.045616476075645646,0.04496608996663426
1145,0.04548284485235858,0.04482541887915385
1146,0.04534986561965512,0.044685425535799884
1147,0.04521753554956403,0.04454610711291232
1148,0.045085851818791024,0.04440746079001223
1149,0.0449548116088437,0.04426948374994503
1150,0.04482441210615578,0.0441321731790213
1151,0.04469465050220763,0.04399552626715582
1152,0.044565523993644794,0.043859540208002847
1153,0.044437029782394936,0.04372421219909117
1154,0.04430916507578149,0.04358953944195479
1155,0.04418192708663604,0.04345551914226248
1156,0.044055313033407616,0.04332214850994458
1157,0.04392932014027061,0.04318942475931755
1158,0.04380394563722968,0.04305734510920654
1159,0.043679186760223414,0.04292590678306536
1160,0.04355504075122498,0.04279510700909459
1161,0.04343150485834139,0.04266494302035702
1162,0.04330857633591008,0.04253541205489149
1163,0.04318625244459414,0.04240651135582431
1164,0.043064530451474736,0.04227823817147831
1165,0.0429434076301423,0.04215058975548045
1166,0.04282288126078471,0.04202356336686646
1167,0.04270294863027467,0.04189715627018406
1168,0.042583607032254014,0.04177136573559407
1169,0.042464853767217425,0.04164618903896914
1170,0.04234668614259264,0.041521623461991106
1171,0.042229101472819934,0.041397666292245575
1172,0.042112097079429714,0.041274314823315054
1173,0.0419956702911172,0.041151566354869974
1174,0.041879818443816705,0.04102941819275828
1175,0.0417645388807734,0.040907867649092225
1176,0.04164982895261287,0.04078691204233374
1177,0.04153568601741006,0.04066654869737839
1178,0.04142210744075491,0.0405467749456364
1179,0.04130909059581816,0.040427588125113254
1180,0.04119663286341405,0.040308985580487275
1181,0.04108473163206159,0.04019096466318604
1182,0.04097338429804474,0.04007352273146097
1183,0.04086258826547022,0.039956657150459866
1184,0.04075234094632426,0.03984036529229842
1185,0.04064263976052761,0.039724644536129276
1186,0.040533482135989014,0.039609492268209714
1187,0.04042486550865655,0.039494905881967746
1188,0.04031678732256851,0.03938088277806664
1189,0.04020924502990191,0.0392674203644674
1190,0.04010223609101968,0.039154516056490216
1191,0.03999575797451675,0.039042167276873686
1192,0.039889808157264214,0.03893037145583339
1193,0.03978438412445228,0.03881912603111766
1194,0.03967948336963165,0.03870842844806298
1195,0.03957510339475403,0.03859827615964749
1196,0.03947124171021046,0.038488666626542614
1197,0.039367895834868744,0.03837959731716358
1198,0.03926506329610949,0.03827106570771861
1199,0.03916274162986075,0.03816306928225626
1200,0.03906092838063145,0.038055605532712
1201,0.03895962110154358,0.03794867195895239
1202,0.0388588173543627,0.03784226606881875
1203,0.03875851470952783,0.03773638537816952
1204,0.03865871074617952,0.037631027410920254
1205,0.0385594030521872,0.037526189699083404
1206,0.038460589224174516,0.03742186978280633
1207,0.038362266867544945,0.03731806521040769
1208,0.03826443359650453,0.03721477353841336
1209,0.03816708703408464,0.03711199233159043
1210,0.038070224812163204,0.03700971916298002
1211,0.03797384457148454,0.03690795161392884
1212,0.037877943961679005,0.036806687274120745
1213,0.03778252064128055,0.03670592374160462
1214,0.03768757227774333,0.0366056586228236
1215,0.037593096547458085,0.03650588953264121
1216,0.03749909113576643,0.03640661409436809
1217,0.03740555373697515,0.03630782993978591
1218,0.037312482054368504,0.03620953470917164
1219,0.037219873800220196,0.03611172605131953
1220,0.037127726695804074,0.03601440162356264
1221,0.03703603847140398,0.035917559091793415
1222,0.03694480686632285,0.03582119613048269
1223,0.036854029628890325,0.03572531042269831
1224,0.03676370451646998,0.035629899660122144
1225,0.036673829295465664,0.035534961543066096
1226,0.03658440174132623,0.035440493780487914
1227,0.036495419638550256,0.03534649409000483
1228,0.03640688078068968,0.03525296019790748
1229,0.03631878297035221,0.03515988983917184
1230,0.036231124019203295,0.03506728075747077
1231,0.036143901747967375,0.03497513070518493
1232,0.036057113986427566,0.034883437443411346
1233,0.035970758573425576,0.034792198741973354
1234,0.035884833356860255,0.03470141237942768
1235,0.03579933619368544,0.03461107614307181
1236,0.035714264949907266,0.034521187828949786
1237,0.03562961750058022,0.03443174524185765
1238,0.035545391729803213,0.03434274619534811
1239,0.0354615855307144,0.034254188511733806
1240,0.03537819680548558,0.03416607002209078
1241,0.035295223465315634,0.03407838856625978
1242,0.035212663430423494,0.033991141992848264
1243,0.0351305146300406,0.03390432815923068
1244,0.03504877500240232,0.03381794493154818
1245,0.034967442494739,0.03373199018470811
1246,0.03488651506326623,0.03364646180238171
1247,0.03480599067317476,0.03356135767700251
1248,0.03472586729861958,0.03347667570976269
1249,0.034646142922708414,0.03339241381060985
1250,0.034566815537489796,0.03330856989824234
1251,0.034487883143940336,0.03322514190010403
1252,0.034409343751951656,0.03314212775237914
1253,0.03433119538031681,0.0330595253999854
1254,0.03425343605671573,0.032977332796567456
1255,0.0341760638177009,0.03289554790448908
1256,0.03409907670868179,0.032814168694825015
1257,0.03402247278390909,0.032733193147352325
1258,0.033946250106458596,0.03265261925054086
1259,0.03387040674821437,0.032572445001543646
1260,0.03379494078985161,0.03249266840618612
1261,0.03371985032081878,0.0324132874789549
1262,0.03364513343931961,0.032334300242986995
1263,0.03357078825229449,0.03225570473005706
1264,0.03349681287540177,0.032177498980564816
1265,0.03342320543299763,0.032099681043522246
1266,0.03334996405811683,0.032022248976539866
1267,0.03327708689245222,0.03194520084581225
1268,0.03320457208633419,0.03186853472610417
1269,0.03313241779870951,0.03179224870073483
1270,0.03306062219712005,0.031716340861563
1271,0.03298918345768083,0.03164080930897046
1272,0.03291809976505809,0.03156565215184611
1273,0.0328473693124467,0.0314908675075687
1274,0.032776990301547175,0.031416453501989974
1275,0.03270696094254266,0.03134240826941674
1276,0.03263727945407554,0.03126872995259287
1277,0.03256794406322334,0.031195416702681045
1278,0.032498953005474875,0.03112246667924367
1279,0.03243030452470546,0.03104987805022357
1280,0.03236199687315271,0.030977648991924768
1281,0.032294028311390964,0.030905777688992185
1282,0.03222639710830639,0.030834262334391425
1283,0.032159101541071336,0.030763101129388386
1284,0.0320921398951183,0.030692292283527833
1285,0.03202551046411408,0.030621834014612315
1286,0.031959211549933524,0.030551724548680697
1287,0.03189324146263253,0.03048196211998585
1288,0.031827598520421586,0.030412544970972677
1289,0.031762281049638734,0.030343471352255503
1290,0.031697287384722196,0.03027473952259513
1291,0.03163261586818284,0.030206347748875838
1292,0.031568264850576594,0.030138294306081947
1293,0.03150423269047673,0.030070577477274124
1294,0.031440517754445334,0.03000319555356549
1295,0.03137711841700545,0.0299361468340974
1296,0.0313140330606126,0.02986942962601528
1297,0.0312512600756259,0.029803042244443318
1298,0.031188797860279324,0.029736983012460305
1299,0.031126644820653068,0.029671250261074023
1300,0.031064799370644058,0.02960584232919607
1301,0.03100325993193683,0.02954075756361644
1302,0.03094202493397413,0.02947599431897737
1303,0.030881092813927345,0.029411550957747605
1304,0.03082046201666674,0.029347425850196385
1305,0.03076013099473172,0.029283617374366765
1306,0.030700098208300896,0.02922012391604934
1307,0.03064036212516199,0.029156943868755343
1308,0.03058092122068162,0.029094075633689903
1309,0.03052177397777507,0.02903151761972487
1310,0.030462918886875964,0.028969268243371777
1311,0.030404354445905588,0.028907325928754207
1312,0.030346079160242505,0.02884568910758061
1313,0.030288091542691787,0.02878435621911627
1314,0.03023039011345423,0.028723325710155834
1315,0.03017297340009569,0.028662596034995252
1316,0.03011583993751611,0.028602165655403734
1317,0.03005898826791829,0.028542033040595466
1318,0.030002416940777342,0.028482196667201552
1319,0.029946124512809123,0.028422655019241305
1320,0.02989010954793948,0.0283634065880941
1321,0.029834370617272617,0.028304449872470307
1322,0.029778906299060246,0.02824578337838301
1323,0.02972371517867008,0.028187405619118967
1324,0.02966879584855453,0.028129315115209653
1325,0.029614146908219292,0.02807151039440258
1326,0.029559766964192095,0.028013989991631787
1327,0.029505654629991128,0.027956752448989135
1328,0.02945180852609354,0.027899796315694846
1329,0.02939822727990414,0.027843120148068196
1330,0.02934490952572374,0.027786722509498502
1331,0.029291853904717887,0.027730601970415308
1332,0.029239059064884994,0.02767475710825922
1333,0.029186523661025143,0.027619186507452275
1334,0.02913424635470836,0.02756388875936862
1335,0.029082225814243304,0.0275088624623044
1336,0.02903046071464541,0.027454106221448643
1337,0.028978949737605737,0.027399618648853534
1338,0.028927691571459257,0.027345398363404487
1339,0.02887668491115347,0.027291443990790594
1340,0.028825928458216903,0.02723775416347468
1341,0.028775420920727567,0.027184327520663853
1342,0.028725161013281764,0.027131162708279494
1343,0.028675147456962362,0.027078258378927567
1344,0.02862537897930783,0.027025613191868712
1345,0.02857585431428046,0.026973225812988416
1346,0.028526572202235423,0.026921094914767275
1347,0.02847753138988922,0.026869219176251142
1348,0.02842873063028868,0.026817597283021327
1349,0.028380168682779656,0.026766227927164772
1350,0.028331844312975783,0.026715109807244154
1351,0.028283756292727592,0.026664241628268158
1352,0.028235903400091373,0.02661362210166169
1353,0.02818828441929807,0.026563249945236244
1354,0.028140898140722532,0.026513123883159805
1355,0.02809374336085239,0.026463242645927386
1356,0.028046818882257483,0.026413604970331305
1357,0.02800012351355888,0.026364209599431494
1358,0.02795365606939826,0.026315055282525722
1359,0.027907415370407276,0.02626614077512014
1360,0.027861400243176966,0.02621746483889965
1361,0.027815609520227293,0.026169026241698302
1362,0.027770042039976583,0.026120823757469824
1363,0.027724696646711212,0.026072856166258197
1364,0.027679572190555498,0.02602512225416827
1365,0.027634667527441117,0.025977620813336155
1366,0.027589981519077357,0.025930350641900156
1367,0.027545513032920885,0.02588331054397146
1368,0.02750126094214551,0.025836499329604613
1369,0.027457224125612908,0.02578991581476891
1370,0.027413401467842193,0.025743558821318725
1371,0.02736979185898066,0.025697427176964754
1372,0.02732639419477381,0.02565151971524493
1373,0.027283207376535924,0.025605835275495405
1374,0.027240230311120685,0.025560372702822014
1375,0.02719746191089182,0.025515130848071037
1376,0.027154901093693708,0.02547010856780087
1377,0.027112546782822315,0.025425304724252952
1378,0.02707039790699602,0.025380718185323375
1379,0.027028453400326672,0.02533634782453446
1380,0.026986712202290826,0.025292192521006195
1381,0.026945173257700735,0.02524825115942771
1382,0.026903835516675922,0.025204522630029275
1383,0.026862697934614373,0.025161005828553844
1384,0.026821759472164166,0.025117699656229016
1385,0.0267810190951951,0.025074603019739045
1386,0.026740475774770574,0.025031714831196712
1387,0.02670012848711904,0.024989034008115533
1388,0.02665997621360642,0.024946559473381955
1389,0.026620017940707764,0.02490429015522741
1390,0.0265802526599797,0.02486222498720112
1391,0.02654067936803243,0.024820362908142317
1392,0.02650129706650265,0.02477870286215255
1393,0.026462104762025266,0.024737243798568804
1394,0.026423101466206692,0.02469598467193598
1395,0.0263842861955973,0.024654924441979528
1396,0.02634565797166413,0.024614062073578868
1397,0.02630721582076422,0.024573396536739935
1398,0.026268958774117238,0.024532926806568545
1399,0.026230885867779,0.02449265186324339
1400,0.026192996142614666,0.02445257069198979
1401,0.026155288644272124,0.024412682283052586
1402,0.026117762423155576,0.024372985631669987
1403,0.02608041653439929,0.02433347973804709
1404,0.026043250037841102,0.02429416360732956
1405,0.026006261997996726,0.024255036249577405
1406,0.025969451484033384,0.024216096679739195
1407,0.025932817569744242,0.024177343917625632
1408,0.02589635933352252,0.024138776987884136
1409,0.02586007585833589,0.024100394919972696
1410,0.025823966231701013,0.02406219674813461
1411,0.025788029545658366,0.024024181511372533
1412,0.02575226489674647,0.023986348253423353
1413,0.02571667138597738,0.023948696022732776
1414,0.025681248118811343,0.023911223872430033
1415,0.025645994205132094,0.023873930860302962
1416,0.02561090875922199,0.02383681604877274
1417,0.02557599089973738,0.023799878504869244
1418,0.02554123974968422,0.02376311730020616
1419,0.02550665443639365,0.02372653151095639
1420,0.025472234091497858,0.02369012021782748
1421,0.02543797785090569,0.023653882506037067
1422,0.025403884854778933,0.02361781746528885
1423,0.02536995424750843,0.023581924189748034
1424,0.02533618517769012,0.023546201778017653
1425,0.025302576798101734,0.023510649333114187
1426,0.025269128265679165,0.023475265962443963
1427,0.025235838741493107,0.023440050777779324
1428,0.025202707390725762,0.02340500289523509
1429,0.02516973338264794,0.0233701214352448
1430,0.025136915890596,0.023335405522537676
1431,0.02510425409194887,0.023300854286115245
1432,0.025071747168105556,0.023266466859227865
1433,0.025039394304462496,0.02323224237935225
1434,0.025007194690390984,0.023198179988167908
1435,0.02497514751921494,0.023164278831534903
1436,0.02494325198818876,0.02313053805947094
1437,0.024911507298475022,0.02309695682612863
1438,0.02487991265512284,0.02306353428977339
1439,0.02484846726704592,0.02303026961276093
1440,0.024817170347000803,0.022997161961514932
1441,0.024786021111565373,0.022964210506505177
1442,0.024755018781117303,0.022931414422225516
1443,0.024724162579813,0.022898772887171903
1444,0.02469345173556625,0.022866285083820805
1445,0.02466288548002723,0.022833950198607567
1446,0.024632463048561475,0.02280176742190491
1447,0.024602183680229237,0.02276973594800143
1448,0.02457204661776473,0.022737854975080563
1449,0.02454205110755553,0.02270612370519937
1450,0.02451219639962249,0.022674541344267475
1451,0.024482481747598924,0.022643107102026227
1452,0.024452906408710794,0.022611820192027877
1453,0.024423469643756694,0.022580679831614946
1454,0.024394170717087774,0.022549685241899868
1455,0.0243650088965881,0.022518835647744154
1456,0.024335983453654904,0.0224881302777386
1457,0.024307093663179027,0.022457568364182803
1458,0.024278338803525715,0.022427149143065223
1459,0.024249718156515068,0.022396871854043064
1460,0.02422123100740304,0.02236673574042273
1461,0.02419287664486241,0.02233674004914
1462,0.024164654360963843,0.022306884030740503
1463,0.024136563451157094,0.02227716693936011
1464,0.02410860321425234,0.022247588032705802
1465,0.024080772952401793,0.022218146572036322
1466,0.02405307197108092,0.022188841822142993
1467,0.024025499579070672,0.022159673051331055
1468,0.02399805508843881,0.02213063953140052
1469,0.02397073781452229,0.022101740537627416
1470,0.023943547075908962,0.02207297534874529
1471,0.023916482194420077,0.022044343246926716
1472,0.02388954249509245,0.02201584351776481
1473,0.023862727306160788,0.021987475450254885
1474,0.023836035959040547,0.021959238336776418
1475,0.023809467788310446,0.021931131473075106
1476,0.023783022131695194,0.02190315415824478
1477,0.023756698330048516,0.021875305694709392
1478,0.023730495727336234,0.021847585388205824
1479,0.02370441367061916,0.021819992547766016
1480,0.023678451510036884,0.021792526485699362
1481,0.023652608598790585,0.02176518651757568
1482,0.023626884293126815,0.021737971962207676
1483,0.023601277952321312,0.021710882141634295
1484,0.023575788938662294,0.021683916381102928
1485,0.023550416617434768,0.021657074009053374
1486,0.023525160356904294,0.021630354357100506
1487,0.0235000195283009,0.021603756760017828
1488,0.023474993505803676,0.02157728055572086
1489,0.02345008166652487,0.02155092508525075
1490,0.023425283390494225,0.02152468969275787
1491,0.023400598060643815,0.02149857372548563
1492,0.02337602506279231,0.021472576533754412
1493,0.023351563785630185,0.021446697470945533
1494,0.023327213620704286,0.021420935893485493
1495,0.02330297396240294,0.02139529116082995
1496,0.02327884420794112,0.02136976263544827
1497,0.0232548237573455,0.021344349682807986
1498,0.023230912013439964,0.021319051671359085
1499,0.02320710838183092,0.021293867972519052
1500,0.02318341227089275,0.02126879796065742
1501,0.023159823091753903,0.021243841013080557
1502,0.023136340258281908,0.021218996510016904
1503,0.023112963187070082,0.02119426383460201
1504,0.023089691297422978,0.021169642372863527
1505,0.023066524011342508,0.021145131513706852
1506,0.02304346075351439,0.021120730648900278
1507,0.023020500951294116,0.021096439173060515
1508,0.022997644034693555,0.02107225648363851
1509,0.02297488943636736,0.021048181980904974
1510,0.02295223659159984,0.021024215067936492
1511,0.022929684938291294,0.021000355150601134
1512,0.02290723391694501,0.02097660163754457
1513,0.02288488297065403,0.020952953940176395
1514,0.02286263154508856,0.020929411472656183
1515,0.022840479088482583,0.020905973651880006
1516,0.022818425051621558,0.020882639897466672
1517,0.0227964688878293,0.02085940963174444
1518,0.022774610052955658,0.0208362822797375
1519,0.022752848005364035,0.020813257269152993
1520,0.022731182205918847,0.02079033403036757
1521,0.022709612117973413,0.020767511996414474
1522,0.022688137207357646,0.020744790602970575
1523,0.02266675694236593,0.020722169288343445
1524,0.022645470793745355,0.020699647493458668
1525,0.022624278234683565,0.020677224661847328
1526,0.022603178740797036,0.020654900239632963
1527,0.022582171790119336,0.02063267367551959
1528,0.022561256863089543,0.02061054442077887
1529,0.022540433442540683,0.020588511929238412
1530,0.022519701013688505,0.02056657565726896
1531,0.022499059064119642,0.02054473506377274
1532,0.02247850708378097,0.02052298961017111
1533,0.022458044564968024,0.02050133876039306
1534,0.02243767100231401,0.020479781980862814
1535,0.022417385892779015,0.020458318740488778
1536,0.022397188735638854,0.020436948510651223
1537,0.022377079032474448,0.02041567076519129
1538,0.02235705628716096,0.020394484980399114
1539,0.02233712000585739,0.020373390635002864
1540,0.02231726969699577,0.02035238721015699
1541,0.022297504871270947,0.020331474189431303
1542,0.022277825041629954,0.020310651058799735
1543,0.022258229723261913,0.020289917306629605
1544,0.02223871843358795,0.020269272423670267
1545,0.022219290692250666,0.020248715903042617
1546,0.022199946021104446,0.020228247240228012
1547,0.02218068394420549,0.02020786593305774
1548,0.022161503987801763,0.02018757148170248
1549,0.022142405680323184,0.020167363388661697
1550,0.02212338855237232,0.020147241158753097
1551,0.022104452136714123,0.02012720429910261
1552,0.02208559596826687,0.020107252319133635
1553,0.022066819584092588,0.02008738473055737
1554,0.022048122523387444,0.02006760104736222
1555,0.0220295043274727,0.020047900785804065
1556,0.02201096453978524,0.02002828346439629
1557,0.021992502705868576,0.02000874860389965
1558,0.0219741183733636,0.019989295727312763
1559,0.021955811091999736,0.019969924359862275
1560,0.021937580413585844,0.019950634028993264
1561,0.02191942589200144,0.019931424264359437
1562,0.021901347083187774,0.019912294597814018
1563,0.021883343545139357,0.019893244563399932
1564,0.021865414837895013,0.0198742736973409
1565,0.021847560523529524,0.01985538153803159
1566,0.02182978016614484,0.019836567626029002
1567,0.02181207333186204,0.019817831504042874
1568,0.021794439588812484,0.019799172716926973
1569,0.021776878507129924,0.019780590811669805
1570,0.021759389658941943,0.01976208533738591
1571,0.021741972618362023,0.019743655845307018
1572,0.02172462696148127,0.019725301888773007
1573,0.02170735226636038,0.01970702302322351
1574,0.02169014811302181,0.0196888188061892
1575,0.02167301408344184,0.01967068879728299
1576,0.02165594976154241,0.01965263255819178
1577,0.02163895473318378,0.019634649652667913
1578,0.02162202858615647,0.01961673964652081
1579,0.021605170910173856,0.019598902107608503
1580,0.02158838129686428,0.019581136605829694
1581,0.02157165933976377,0.0195634427131153
1582,0.021555004634308497,0.01954582000342045
1583,0.021538416777827193,0.019528268052716388
1584,0.021521895369533965,0.019510786438982432
1585,0.021505440010520998,0.019493374742198172
1586,0.02148905030375114,0.019476032544335393
1587,0.021472725854050866,0.019458759429350374
1588,0.021456466268103096,0.019441554983176092
1589,0.02144027115444001,0.019424418793714565
1590,0.021424140123436287,0.019407350450829162
1591,0.02140807278730191,0.019390349546336977
1592,0.021392068760075274,0.01937341567400136
1593,0.021376127657616324,0.019356548429524327
1594,0.021360249097599916,0.019339747410539388
1595,0.02134443269950877,0.019323012216603853
1596,0.021328678084627,0.01930634244919177
1597,0.021312984876033298,0.019289737711686558
1598,0.021297352698594525,0.019273197609373748
1599,0.021281781178958896,0.019256721749433964
1600,0.02126626994554959,0.019240309740935664
1601,0.021250818628558436,0.019223961194828287
1602,0.021235426859939115,0.019207675723934916
1603,0.021220094273401293,0.01919145294294574
1604,0.021204820504403806,0.01917529246841084
1605,0.021189605190148782,0.01915919391873352
1606,0.02117444796957519,0.01914315691416322
1607,0.021159348483352665,0.01912718107678915
1608,0.02114430637387547,0.01911126603053323
1609,0.021129321285256217,0.01909541140114361
1610,0.021114392863320085,0.019079616816188014
1611,0.02109952075559851,0.01906388190504712
1612,0.021084704611323415,0.019048206298907976
1613,0.021069944081421228,0.019032589630757768
1614,0.02105523881850679,0.01901703153537685
1615,0.021040588476877908,0.019001531649333055
1616,0.02102599271250923,0.01898608961097463
1617,0.02101145118304648,0.018970705060424413
1618,0.020996963547800777,0.018955377639573154
1619,0.020982529467742997,0.018940106992073748
1620,0.020968148605498206,0.018924892763334557
1621,0.02095382062533957,0.018909734600513536
1622,0.020939545193183348,0.018894632152511963
1623,0.020925321976582888,0.01887958506996845
1624,0.020911150644723375,0.018864593005252776
1625,0.02089703086841619,0.018849655612460048
1626,0.02088296232009357,0.018834772547404666
1627,0.02086894467380306,0.018819943467614137
1628,0.020854977605202243,0.018805168032323457
1629,0.020841060791553283,0.018790445902469165
1630,0.02082719391171763,0.01877577674068343
1631,0.020813376646150742,0.0187611602112883
1632,0.020799608676896845,0.01874659598028992
1633,0.02078588968758361,0.018732083715372848
1634,0.020772219363416996,0.018717623085894093
1635,0.020758597391176078,0.018703213762877778
1636,0.020745023459207822,0.01868885541900932
1637,0.020731497257422092,0.018674547728629812
1638,0.02071801847728645,0.01866029036773041
1639,0.02070458681182116,0.018646083013946817
1640,0.020691201955593968,0.018631925346553693
1641,0.0206778636047153,0.01861781704645919
1642,0.020664571456833026,0.018603757796199633
1643,0.020651325211128,0.018589747279933726
1644,0.02063812456830834,0.01857578518343741
1645,0.0206249692306051,0.018561871194098283
1646,0.020611858901767102,0.018548005000910382
1647,0.020598793287056223,0.018534186294468673
1648,0.020585772093242312,0.01852041476696383
1649,0.02057279502859861,0.018506690112176913
1650,0.020559861802896696,0.018493012025474174
1651,0.0205469721274019,0.01847938020380155
1652,0.020534125714868384,0.018465794345679715
1653,0.020521322279534484,0.018452254151198673
1654,0.02050856153711778,0.018438759322012638
1655,0.02049584320481066,0.01842530956133489
1656,0.020483167001275435,0.01841190457393251
1657,0.020470532646639665,0.018398544066121465
1658,0.02045793986249154,0.01838522774576126
1659,0.020445388371875237,0.01837195532225002
1660,0.020432877899286193,0.018358726506519322
1661,0.020420408170666725,0.018345541011029066
1662,0.020407978913401,0.01833239854976266
1663,0.020395589856310948,0.018319298838221795
1664,0.02038324072965135,0.018306241593421563
1665,0.02037093126510536,0.018293226533885442
1666,0.020358661195780017,0.018280253379640232
1667,0.020346430256201673,0.018267321852211204
1668,0.020334238182311455,0.018254431674617114
1669,0.020322084711460808,0.01824158257136529
1670,0.020309969582406873,0.01822877426844669
1671,0.020297892535308316,0.018216006493331105
1672,0.02028585331172038,0.018203278974962055
1673,0.020273851654590853,0.018190591443752114
1674,0.020261887308255448,0.018177943631577997
1675,0.0202499600184333,0.018165335271775673
1676,0.020238069532222586,0.018152766099135575
1677,0.020226215598096283,0.018140235849897768
1678,0.020214397965897357,0.018127744261747007
1679,0.020202616386834734,0.018115291073808118
1680,0.020190870613478774,0.018102876026641183
1681,0.020179160399756767,0.018090498862236508
1682,0.020167485500948764,0.018078159324010242
1683,0.020155845673683108,0.018065857156799224
1684,0.02014424067593195,0.018053592106856593
1685,0.0201326702670071,0.018041363921846645
1686,0.02012113420755556,0.018029172350840415
1687,0.02010963225955512,0.01801701714431087
1688,0.020098164186310177,0.018004898054128006
1689,0.02008672975244725,0.017992814833554253
1690,0.02007532872391076,0.017980767237239927
1691,0.020063960867958607,0.017968755021218252
1692,0.020052625953157845,0.017956777942900664
1693,0.020041323749380495,0.01794483576107245
1694,0.020030054027799147,0.017932928235887706
1695,0.020018816560882613,0.017921055128864802
1696,0.020007611122391633,0.01790921620288168
1697,0.01999643748737468,0.017897411222171148
1698,0.019985295432163375,0.01788563995231621
1699,0.019974184734368614,0.017873902160245557
1700,0.01996310517287592,0.017862197614228713
1701,0.01995205652784119,0.017850526083871394
1702,0.019941038580686733,0.017838887340111013
1703,0.019930051114096393,0.017827281155211754
1704,0.019919093912011777,0.017815707302760223
1705,0.01990816675962777,0.017804165557660623
1706,0.019897269443388117,0.017792655696130026
1707,0.01988640175098141,0.0177811774956941
1708,0.01987556347133657,0.01776973073518195
1709,0.019864754394618662,0.017758315194721888
1710,0.019853974312224625,0.017746930655736706
1711,0.01984322301677873,0.01773557690093879
1712,0.019832500302128863,0.01772425371432586
1713,0.019821805963341467,0.017712960881175983
1714,0.019811139796697855,0.017701698188043256
1715,0.0198005015996897,0.01769046542275285
1716,0.01978989117101473,0.01767926237439673
1717,0.01977930831057253,0.01766808883332868
1718,0.019768752819459983,0.017656944591159893
1719,0.01975822449996721,0.017645829440754095
1720,0.01974772315557327,0.01763474317622337
1721,0.019737248590941822,0.017623685592922947
1722,0.01972680061191658,0.01761265648744688
1723,0.01971637902551742,0.017601655657623515
1724,0.019705983639935785,0.01759068290251039
1725,0.019695614264530408,0.017579738022390302
1726,0.01968527070982301,0.017568820818765825
1727,0.01967495278749398,0.017557931094355318
1728,0.0196646603103782,0.017547068653088006
1729,0.019654393092460365,0.017536233300099374
1730,0.019644150948871005,0.0175254248417265
1731,0.01963393369588192,0.017514643085503365
1732,0.019623741150902017,0.01750388784015622
1733,0.019613573132472733,0.01749315891559895
1734,0.019603429460263902,0.017482456122928463
1735,0.019593309955069395,0.01747177927441985
1736,0.019583214438802548,0.017461128183521808
1737,0.019573142734492,0.017450502664852107
1738,0.01956309466627733,0.017439902534192565
1739,0.01955307005940464,0.01742932760848479
1740,0.01954306874022203,0.01741877770582518
1741,0.019533090536175492,0.017408252645460413
1742,0.019523135275804397,0.017397752247782585
1743,0.01951320278873698,0.017387276334324613
1744,0.019503292905686205,0.017376824727755657
1745,0.01949340545844516,0.01736639725187625
1746,0.01948354027988273,0.017355993731613624
1747,0.019473697203939298,0.01734561399301706
1748,0.01946387606562207,0.017335257863253066
1749,0.01945407670100086,0.017324925170600837
1750,0.01944429894720361,0.017314615744447297
1751,0.01943454264241195,0.01730432941528256
1752,0.019424807625856823,0.017294066014695207
1753,0.019415093737813957,0.017283825375367413
1754,0.019405400819599506,0.017273607331070175
1755,0.01939572871356547,0.017263411716658992
1756,0.019386077263095446,0.01725323836806848
1757,0.019376446312599962,0.01724308712230811
1758,0.019366835707512093,0.017232957817457217
1759,0.019357245294283117,0.017222850292660505
1760,0.01934767492037779,0.017212764388122755
1761,0.01933812443427003,0.017202699945104743
1762,0.0193285936854384,0.017192656805917812
1763,0.019319082524361604,0.017182634813919618
1764,0.01930959080251404,0.01717263381350914
1765,0.01930011837236116,0.0171626536501217
1766,0.01929066508735517,0.017152694170224567
1767,0.019281230801930234,0.01714275522131183
1768,0.01927181537149827,0.017132836651899738
1769,0.019262418652444244,0.017122938311522014
1770,0.01925304050212161,0.017113060050724757
1771,0.01924368077884789,0.017103201721061927
1772,0.019234339341900143,0.01709336317509034
1773,0.019225016051510165,0.01708354426636489
1774,0.019215710768860313,0.017073744849433865
1775,0.019206423356078767,0.017063964779833872
1776,0.01919715367623488,0.01705420391408524
1777,0.019187901593334767,0.01704446210968711
1778,0.01917866697231675,0.017034739225112457
1779,0.019169449679046616,0.01702503511980344
1780,0.019160249580313076,0.017015349654166425
1781,0.019151066543823415,0.017005682689567286
1782,0.019141900438198634,0.01699603408832643
1783,0.019132751132968938,0.0169864037137139
1784,0.019123618498569188,0.01697679142994464
1785,0.019114502406334295,0.01696719710217357
1786,0.019105402728494494,0.01695762059649073
1787,0.019096319338170884,0.01694806177991639
1788,0.01908725210937079,0.016938520520396176
1789,0.01907820091698306,0.01692899668679628
1790,0.01906916563677352,0.016919490148898424
1791,0.019060146145380305,0.016910000777395146
1792,0.019051142320309234,0.016900528443884733
1793,0.019042154039929298,0.016891073020866534
1794,0.019033181183467706,0.016881634381735896
1795,0.019024223631005647,0.016872212400779362
1796,0.019015281263473308,0.016862806953169697
1797,0.01900635396264547,0.016853417914961158
1798,0.018997441611136725,0.016844045163084447
1799,0.01898854409239684,0.01683468857534176
1800,0.01897966129070609,0.016825348030402042
1801,0.018970793091170612,0.016816023407796008
1802,0.018961939379717838,0.016806714587911144
1803,0.018953100043091642,0.016797421451986965
1804,0.01894427496884782,0.016788143882109995
1805,0.018935464045349338,0.016778881761208845
1806,0.01892666716176174,0.016769634973049362
1807,0.018917884208048307,0.016760403402229576
1808,0.01890911507496559,0.01675118693417504
1809,0.018900359654058677,0.016741985455133654
1810,0.01889161783765635,0.016732798852170817
1811,0.018882889518866533,0.016723627013164537
1812,0.018874174591571636,0.016714469826800603
1813,0.018865472950423866,0.016705327182567477
1814,0.018856784490840377,0.016696198970751384
1815,0.01884810910899875,0.016687085082431524
1816,0.018839446701832248,0.016677985409475102
1817,0.018830797167025126,0.01666889984453234
1818,0.018822160403007916,0.016659828281031634
1819,0.018813536308952817,0.016650770613174472
1820,0.01880492478476881,0.01664172673593068
1821,0.018796325731097116,0.016632696545033496
1822,0.018787739049306543,0.01662367993697453
1823,0.018779164641488662,0.01661467680899883
1824,0.01877060241045316,0.016605687059100153
1825,0.018762052259723126,0.016596710586015896
1826,0.01875351409353042,0.01658774728922211
1827,0.018744987816810908,0.016578797068928723
1828,0.018736473335199726,0.01656985982607454
1829,0.018727970555026834,0.016560935462322464
1830,0.01871947938331183,0.016552023880054202
1831,0.018710999727759744,0.01654312498236577
1832,0.018702531496756148,0.016534238673062522
1833,0.018694074599362415,0.016525364856653894
1834,0.0186856289453111,0.016516503438348984
1835,0.018677194445001228,0.016507654324051185
1836,0.01866877100949353,0.016498817420353584
1837,0.018660358550505962,0.01648999263453402
1838,0.01865195698040883,0.01648117987455008
1839,0.018643566212220113,0.016472379049034237
1840,0.018635186159600824,0.016463590067288876
1841,0.018626816736850328,0.01645481283928177
1842,0.01861845785890183,0.016446047275640717
1843,0.018610109441317333,0.016437293287648872
1844,0.01860177140028325,0.0164285507872399
1845,0.018593443652605658,0.01641981968699301
1846,0.018585126115705473,0.016411099900128144
1847,0.018576818707614205,0.016402391340501088
1848,0.018568521346968812,0.01639369392259856
1849,0.018560233953007297,0.016385007561533483
1850,0.018551956445564063,0.01637633217303981
1851,0.01854368874506509,0.01636766767346825
1852,0.018535430772523533,0.01635901397978069
1853,0.01852718244953484,0.0163503710095459
1854,0.018518943698272252,0.01634173868093449
1855,0.018510714441482078,0.016333116912714152
1856,0.01850249460247925,0.016324505624244656
1857,0.01849428410514239,0.016315904735473206
1858,0.018486082873909366,0.016307314166929508
1859,0.01847789083377278,0.016298733839721104
1860,0.018469707910275083,0.016290163675528418
1861,0.018461534029504224,0.016281603596599938
1862,0.01845336911808889,0.016273053525747604
1863,0.01844521310319386,0.016264513386341682
1864,0.01843706591251563,0.016255983102306436
1865,0.01842892747427762,0.016247462598115027
1866,0.01842079771722565,0.016238951798784703
1867,0.018412676570623402,0.016230450629872283
1868,0.018404563964247795,0.016221959017469208
1869,0.018396459828384434,0.016213476888196916
1870,0.018388364093823065,0.01620500416920191
1871,0.01838027669185308,0.016196540788151307
1872,0.01837219755425875,0.016188086673227735
1873,0.018364126613314928,0.016179641753124994
1874,0.01835606380178249,0.01617120595704315
1875,0.018348009052903572,0.016162779214683714
1876,0.018339962300397396,0.016154361456245225
1877,0.01833192347845542,0.01614595261241828
1878,0.018323892521737054,0.016137552614381136
1879,0.01831586936536517,0.0161291613937947
1880,0.018307853944921425,0.016120778882798177
1881,0.018299846196441934,0.0161124050140043
1882,0.01829184605641284,0.016104039720494498
1883,0.018283853461765573,0.016095682935814627
1884,0.018275868349872788,0.016087334593970003
1885,0.018267890658543506,0.016078994629420883
1886,0.018259920326019013,0.016070662977078105
1887,0.018251957290968245,0.016062339572297944
1888,0.01824400149248339,0.016054024350878156
1889,0.018236052870075525,0.01604571724905288
1890,0.018228111363670082,0.016037418203488352
1891,0.018220176913602566,0.016029127151278195
1892,0.018212249460614234,0.016020844029939054
1893,0.01820432894584748,0.016012568777405763
1894,0.018196415310841683,0.016004301332027203
1895,0.01818850849752883,0.01599604163256143
1896,0.018180608448229073,0.015987789618171374
1897,0.018172715105646334,0.01597954522842015
1898,0.01816482841286414,0.01597130840326679
1899,0.018156948313341262,0.015963079083061823
1900,0.018149074750907383,0.01595485720854229
1901,0.018141207669758762,0.01594664272082804
1902,0.018133347014453967,0.0159384355614167
1903,0.018125492729909678,0.01593023567217958
1904,0.018117644761396393,0.015922042995357065
1905,0.01810980305453408,0.015913857473554394
1906,0.01810196755528808,0.015905679049737137
1907,0.018094138209964715,0.015897507667226814
1908,0.01808631496520734,0.015889343269696644
1909,0.018078497767991846,0.01588118580116712
1910,0.018070686565622586,0.01587303520600165
1911,0.018062881305728258,0.01586489142890227
1912,0.018055081936257666,0.015856754414905284
1913,0.01804728840547559,0.0158486241093772
1914,0.01803950066195871,0.0158405004580101
1915,0.018031718654591324,0.01583238340681756
1916,0.018023942332561365,0.01582427290213046
1917,0.018016171645356314,0.015816168890592657
1918,0.01800840654275911,0.015808071319156774
1919,0.01800064697484395,0.015799980135079977
1920,0.017992892891972367,0.01579189528591982
1921,0.01798514424478913,0.015783816719530094
1922,0.01797740098421836,0.01577574438405662
1923,0.017969663061459258,0.01576767822793313
1924,0.01796193042798235,0.01575961819987708
1925,0.01795420303552542,0.015751564248885748
1926,0.01794648083608958,0.015743516324231866
1927,0.017938763781935204,0.01573547437545971
1928,0.0179310518255781,0.015727438352381086
1929,0.01792334491978562,0.015719408205071093
1930,0.017915643017572796,0.015711383883864352
1931,0.017907946072198252,0.015703365339350784
1932,0.017900254037160612,0.01569535252237177
1933,0.017892566866194465,0.015687345384016133
1934,0.01788488451326663,0.01567934387561621
1935,0.017877206932572262,0.015671347948743964
1936,0.017869534078531323,0.015663357555206935
1937,0.01786186590578445,0.01565537264704455
1938,0.017854202369189404,0.015647393176524114
1939,0.017846543423817404,0.015639419096137003
1940,0.01783888902494916,0.015631450358594846
1941,0.017831239128071545,0.015623486916825835
1942,0.017823593688873596,0.015615528723970757
1943,0.017815952663243113,0.015607575733379325
1944,0.017808316007262903,0.015599627898606522
1945,0.017800683677207153,0.01559168517340874
1946,0.017793055629537917,0.015583747511740187
1947,0.017785431820901556,0.015575814867749133
1948,0.017777812208125243,0.015567887195774533
1949,0.01777019674821325,0.015559964450342032
1950,0.01776258539834376,0.015552046586160684
1951,0.01775497811586516,0.015544133558119172
1952,0.0177473748582926,0.015536225321282428
1953,0.017739775583304904,0.015528321830888083
1954,0.017732180248740792,0.015520423042342977
1955,0.01772458881259566,0.015512528911219547
1956,0.017717001233018396,0.015504639393252731
1957,0.01770941746830771,0.01549675444433625
1958,0.01770183747690928,0.015488874020519386
1959,0.017694261217412192,0.015480998078003714
1960,0.01768668864854589,0.015473126573139534
1961,0.01767911972917683,0.01546525946242291
1962,0.017671554418305455,0.015457396702492122
1963,0.01766399267506303,0.01544953825012473
1964,0.017656434458708424,0.015441684062234087
1965,0.017648879728625177,0.015433834095866534
1966,0.01764132844431849,0.015425988308197927
1967,0.017633780565412014,0.015418146656530827
1968,0.01762623605164509,0.015410309098291336
1969,0.017618694862869665,0.015402475591025939
1970,0.017611156959047435,0.015394646092398961
1971,0.017603622300247083,0.01538682056018916
1972,0.0175960908466414,0.015378998952287063
1973,0.01758856255850424,0.015371181226691977
1974,0.01758103739620808,0.015363367341509348
1975,0.017573515320221264,0.015355557254947921
1976,0.01756599629110512,0.015347750925316728
1977,0.01755848026951147,0.015339948311022807
1978,0.01755096721618016,0.015332149370568237
1979,0.01754345709193621,0.015324354062547776
1980,0.017535949857687493,0.015316562345645966
1981,0.017528445474422213,0.015308774178634809
1982,0.01752094390320646,0.015300989520371414
1983,0.01751344510518192,0.015293208329795301
1984,0.01750594904156349,0.015285430565926156
1985,0.01749845567363685,0.015277656187861435
1986,0.017490964962756497,0.015269885154774213
1987,0.01748347687034337,0.015262117425910854
1988,0.017475991357882754,0.015254352960588724
1989,0.01746850838692221,0.01524659171819433
1990,0.01746102791906942,0.015238833658180937
1991,0.01745354991599045,0.015231078740066805
1992,0.017446074339407695,0.015223326923433183
1993,0.01743860115109786,0.015215578167922184
1994,0.017431130312890442,0.01520783243323531
1995,0.01742366178666567,0.015200089679131298
1996,0.01741619553435308,0.01519234986542467
1997,0.017408731517929703,0.01518461295198401
1998,0.01740126969941855,0.015176878898730217
1999,0.01739381004088712,0.015169147665635171
2000,0.01738635250444589,0.015161419212720201
